,vib_freq,negative_p,positive_p
0,20,1.6329942259835695e-239,1.0
0,40,2.0364038742182926e-244,1.0
0,60,4.844418946674197e-269,1.0
0,80,0.0,1.0
0,100,0.0,1.0
0,110,0.0,1.0
0,130,0.0,1.0
0,150,0.0,1.0
0,170,9.473535177723617e-261,1.0
