,vib_freq,negative_p,positive_p
0,20,1.0,5.170464897983145e-206
0,40,1.0,8.341635147939943e-174
0,60,1.0,4.5666426814650725e-232
0,80,1.0,7.7021987654643e-132
0,100,0.9999998760495836,1.2395041636700757e-07
0,110,1.1586538773966267e-06,0.9999988413461226
0,130,7.9844973377604e-81,1.0
0,150,1.5006683934154245e-109,1.0
0,170,1.6774369804649636e-92,1.0
